region,count,sum,average
0,16,980.0751953125,61.25469970703125
1,10,515.4288940429688,51.54288940429687
2,4,291.89727783203125,72.97431945800781
3,9,437.98309326171875,48.66478814019097
4,8,368.12200927734375,46.01525115966797
5,9,549.9141845703125,61.10157606336806
6,11,569.6397094726562,51.78542813387784
7,14,621.4658813476562,44.39042009626116
8,6,369.38232421875,61.563720703125
9,7,416.495849609375,59.49940708705357
10,12,644.494140625,53.707845052083336
11,13,655.1812744140625,50.3985595703125
12,9,581.6259155273438,64.62510172526042
13,13,657.5962524414062,50.5843271108774
14,7,315.02117919921875,45.003025599888396
15,5,377.9084167480469,75.58168334960938
16,9,402.9819641113281,44.77577379014757
17,9,469.0950622558594,52.121673583984375
18,7,312.02093505859375,44.57441929408482
19,10,564.1422729492188,56.41422729492187
20,10,492.1563720703125,49.21563720703125
21,12,502.50042724609375,41.87503560384115
22,12,736.910888671875,61.40924072265625
23,7,358.7795715332031,51.254224504743306
24,12,756.1749877929688,63.01458231608073
25,8,428.09808349609375,53.51226043701172
26,11,389.4131774902344,35.40119795365767
27,8,589.6586303710938,73.70732879638672
28,11,542.732421875,49.33931107954545
29,9,463.7821044921875,51.531344943576386
30,9,402.139892578125,44.682210286458336
31,8,320.3061828613281,40.038272857666016
32,12,531.2305908203125,44.26921590169271
33,17,899.3927001953125,52.90545295266544
34,11,525.9149169921875,47.81044699928977
35,4,203.95867919921875,50.98966979980469
36,8,609.3888549804688,76.1736068725586
37,7,451.08624267578125,64.44089181082589
38,7,388.8214416503906,55.54592023577009
39,11,793.99560546875,72.18141867897727
40,15,804.44287109375,53.62952473958333
41,6,407.8570556640625,67.97617594401042
42,5,246.7958984375,49.3591796875
43,8,471.5666198730469,58.94582748413086
44,7,428.7471008300781,61.249585832868306
45,16,842.4676513671875,52.65422821044922
46,12,729.8367919921875,60.819732666015625
47,10,276.3166198730469,27.63166198730469
48,6,260.53778076171875,43.42296346028646
49,8,379.0541687011719,47.381771087646484
50,10,628.0756225585938,62.807562255859374
51,5,226.30174255371094,45.26034851074219
52,15,807.9619140625,53.86412760416667
53,8,362.77325439453125,45.346656799316406
54,10,544.2573852539062,54.42573852539063
55,9,472.2742919921875,52.47492133246528
56,4,156.5337371826172,39.1334342956543
57,6,300.076416015625,50.012736002604164
58,6,296.1004943847656,49.35008239746094
59,4,172.00758361816406,43.001895904541016
60,11,419.6641540527344,38.15128673206676
61,16,897.660400390625,56.10377502441406
62,7,386.94989013671875,55.278555733816965
63,10,481.98748779296875,48.19874877929688
64,7,365.4584045410156,52.208343505859375
65,8,480.1764221191406,60.02205276489258
66,10,587.9073486328125,58.79073486328125
67,14,598.0640869140625,42.718863351004465
68,10,472.3812255859375,47.23812255859375
69,16,610.0093383789062,38.12558364868164
70,10,616.80810546875,61.680810546875
71,10,264.77276611328125,26.477276611328126
72,10,512.326416015625,51.2326416015625
73,14,854.5650024414062,61.040357317243306
74,10,569.09326171875,56.909326171875
75,8,293.5893859863281,36.698673248291016
76,10,424.02642822265625,42.402642822265626
77,6,401.65283203125,66.942138671875
78,9,466.5406188964844,51.83784654405382
79,14,743.2760009765625,53.09114292689732
80,12,598.39892578125,49.8665771484375
81,11,623.575927734375,56.688720703125
82,10,471.250732421875,47.1250732421875
83,10,672.982666015625,67.2982666015625
84,10,580.0188598632812,58.001885986328126
85,12,559.1563110351562,46.59635925292969
86,14,766.099853515625,54.72141810825893
87,8,373.7021179199219,46.712764739990234
88,8,463.51190185546875,57.938987731933594
89,4,244.0267333984375,61.006683349609375
90,19,988.7418823242188,52.03904643811678
91,11,551.4703979492188,50.13367254083807
92,5,199.27456665039062,39.854913330078126
93,10,606.462158203125,60.6462158203125
94,6,371.4747619628906,61.91246032714844
95,17,778.7573852539062,45.809257956112134
96,9,421.7229309082031,46.85810343424479
97,12,493.63726806640625,41.13643900553385
98,11,437.8677673339844,39.80616066672585
99,12,493.5596923828125,41.129974365234375
100,15,736.080078125,49.07200520833333
101,11,641.3137817382812,58.3012528852983
102,6,294.57489013671875,49.09581502278646
103,10,509.7957458496094,50.979574584960936
104,14,588.439453125,42.03138950892857
105,6,281.64459228515625,46.940765380859375
106,14,928.3988647460938,66.31420462472099
107,9,239.10084533691406,26.566760592990452
108,15,852.76953125,56.85130208333333
109,13,860.7855224609375,66.21427095853366
110,6,345.3979187011719,57.56631978352865
111,18,1038.1268310546875,57.67371283637153
112,14,709.8699951171875,50.70499965122768
113,14,743.3449096679688,53.09606497628348
114,6,338.803955078125,56.467325846354164
115,6,343.13983154296875,57.189971923828125
116,6,189.07005310058594,31.511675516764324
117,8,288.9555969238281,36.119449615478516
118,5,324.19793701171875,64.83958740234375
119,7,303.15478515625,43.307826450892854
120,10,492.0587158203125,49.20587158203125
121,6,346.9712219238281,57.82853698730469
122,15,922.7254028320312,61.51502685546875
123,12,637.8247680664062,53.15206400553385
124,9,438.8955078125,48.76616753472222
125,10,459.60601806640625,45.960601806640625
126,11,363.71649169921875,33.06513560901988
127,5,339.0872497558594,67.81744995117188
128,6,234.24996948242188,39.04166158040365
129,5,232.46336364746094,46.492672729492185
130,13,906.3858032226562,69.72198486328125
131,6,337.7721862792969,56.29536437988281
132,8,399.876953125,49.984619140625
133,10,673.3145751953125,67.33145751953126
134,6,307.8638916015625,51.310648600260414
135,10,674.2557373046875,67.42557373046876
136,9,450.8621826171875,50.095798068576386
137,10,605.0538330078125,60.50538330078125
138,13,667.808837890625,51.36991060697115
139,5,328.38494873046875,65.67698974609375
140,10,606.3731079101562,60.63731079101562
141,7,337.5491638183594,48.22130911690848
142,9,478.8474426269531,53.20527140299479
143,7,404.0228576660156,57.71755109514509
144,8,577.9119873046875,72.23899841308594
145,6,271.01934814453125,45.169891357421875
146,13,771.462646484375,59.34328049879808
147,7,373.2234191894531,53.31763131277902
148,6,314.3056945800781,52.38428243001302
149,10,804.162841796875,80.4162841796875
150,8,420.2217712402344,52.5277214050293
151,10,612.0768432617188,61.20768432617187
152,11,712.8018798828125,64.8001708984375
153,11,504.0317077636719,45.82106434215199
154,10,554.8263549804688,55.482635498046875
155,12,652.1943359375,54.349527994791664
156,3,124.63542175292969,41.5451405843099
157,7,375.1184387207031,53.588348388671875
158,12,557.8424682617188,46.48687235514323
159,12,747.718994140625,62.309916178385414
160,14,585.3468017578125,41.81048583984375
161,10,525.3712768554688,52.53712768554688
162,11,643.857177734375,58.532470703125
163,12,560.9104614257812,46.74253845214844
164,5,161.9007110595703,32.38014221191406
165,7,342.5634765625,48.93763950892857
166,13,662.81689453125,50.98591496394231
167,13,838.2222900390625,64.4786376953125
168,7,331.9781799316406,47.42545427594866
169,8,421.5243835449219,52.690547943115234
170,9,287.1237487792969,31.902638753255207
171,5,275.38519287109375,55.07703857421875
172,10,513.4641723632812,51.34641723632812
173,13,700.6632080078125,53.89716984675481
174,5,274.78936767578125,54.95787353515625
175,12,668.4119873046875,55.70099894205729
176,10,538.9570922851562,53.89570922851563
177,6,347.0854187011719,57.84756978352865
178,12,593.2720336914062,49.43933614095052
179,13,816.8823852539062,62.83710655799279
180,8,396.01025390625,49.50128173828125
181,7,404.61456298828125,57.80208042689732
182,14,774.7359008789062,55.33827863420759
183,8,373.8330993652344,46.7291374206543
184,10,653.855712890625,65.3855712890625
185,14,789.6873168945312,56.406236921037944
186,8,379.90283203125,47.48785400390625
187,13,685.0177612304688,52.69367394080529
188,4,214.84426879882812,53.71106719970703
189,7,429.0815734863281,61.29736764090402
190,6,366.9028625488281,61.15047709147135
191,7,357.2387390136719,51.034105573381694
192,6,307.0486755371094,51.1747792561849
193,11,413.7787170410156,37.616247003728695
194,9,500.8921813964844,55.654686821831596
195,8,309.4206237792969,38.67757797241211
196,13,664.5291748046875,51.11762883112981
197,9,483.27606201171875,53.69734022352431
198,11,526.294921875,47.84499289772727
199,12,693.4373779296875,57.78644816080729
200,8,404.4087219238281,50.551090240478516
201,2,106.47425079345703,53.237125396728516
202,11,632.93798828125,57.53981711647727
203,8,463.6253967285156,57.95317459106445
204,7,293.7208251953125,41.960117885044646
205,8,415.1192626953125,51.88990783691406
206,5,274.3919982910156,54.87839965820312
207,6,400.4589538574219,66.74315897623698
208,12,644.6699829101562,53.72249857584635
209,6,371.42803955078125,61.90467325846354
210,13,728.3720703125,56.02862079326923
211,11,693.0601806640625,63.00547096946023
212,15,715.221923828125,47.681461588541666
213,9,511.5909729003906,56.84344143337674
214,13,566.662109375,43.58939302884615
215,12,557.2858276367188,46.44048563639323
216,10,413.3630065917969,41.336300659179685
217,7,366.7530517578125,52.39329310825893
218,5,180.9033203125,36.1806640625
219,9,528.2584838867188,58.69538709852431
220,5,309.7062683105469,61.941253662109375
221,7,365.59552001953125,52.227931431361604
222,9,322.96087646484375,35.884541829427086
223,9,433.7829284667969,48.19810316297743
224,12,655.8941040039062,54.65784200032552
225,9,684.148681640625,76.01652018229167
226,3,162.72088623046875,54.24029541015625
227,16,920.219970703125,57.51374816894531
228,14,836.7950439453125,59.77107456752232
229,12,690.6387329101562,57.55322774251302
230,12,683.7211303710938,56.97676086425781
231,12,601.5775146484375,50.13145955403646
232,10,496.61614990234375,49.661614990234376
233,13,815.639892578125,62.74153019831731
234,10,570.1646728515625,57.01646728515625
235,12,656.4202880859375,54.701690673828125
236,12,359.12127685546875,29.926773071289062
237,10,579.885986328125,57.9885986328125
238,7,430.38360595703125,61.483372279575896
239,14,989.0354614257812,70.64539010184151
240,8,525.5780639648438,65.69725799560547
241,10,532.4443359375,53.24443359375
242,5,336.2630615234375,67.2526123046875
243,8,340.7408447265625,42.59260559082031
244,9,463.13018798828125,51.45890977647569
245,9,477.824462890625,53.09160698784722
246,13,738.2839965820312,56.79107666015625
247,14,879.2733764648438,62.80524117606027
248,4,294.7095947265625,73.67739868164062
249,9,612.220947265625,68.02454969618056
250,9,570.6329956054688,63.403666178385414
251,6,283.0697021484375,47.17828369140625
252,13,725.575439453125,55.81349534254808
253,5,332.0054016113281,66.40108032226563
254,7,570.7072143554688,81.52960205078125
255,6,432.747802734375,72.1246337890625
256,8,464.34368896484375,58.04296112060547
257,13,679.4754028320312,52.26733867938702
258,15,799.57177734375,53.30478515625
259,7,428.060302734375,61.15147181919643
260,11,437.91119384765625,39.81010853160512
261,10,453.88055419921875,45.388055419921876
262,6,288.7236022949219,48.12060038248698
263,13,680.7979736328125,52.36907489483173
264,9,400.5879211425781,44.50976901584201
265,9,555.615234375,61.735026041666664
266,10,504.6355285644531,50.46355285644531
267,10,586.8408813476562,58.684088134765624
268,9,375.23773193359375,41.693081325954864
269,12,610.35546875,50.862955729166664
270,9,556.855224609375,61.872802734375
271,7,336.1779479980469,48.025421142578125
272,7,371.13018798828125,53.01859828404018
273,8,515.3821411132812,64.42276763916016
274,4,171.0016632080078,42.75041580200195
275,6,316.903076171875,52.817179361979164
276,11,538.9599609375,48.99636008522727
277,11,547.5636596679688,49.77851451526988
278,9,457.02569580078125,50.78063286675347
279,11,563.091064453125,51.19009676846591
280,13,698.9583740234375,53.76602877103365
281,12,551.38818359375,45.949015299479164
282,9,423.21966552734375,47.02440728081597
283,7,390.93621826171875,55.848031180245535
284,13,604.2989501953125,46.48453463040865
285,11,598.3474731445312,54.39522483132102
286,6,299.6505126953125,49.941752115885414
287,9,533.7315063476562,59.303500705295136
288,11,563.1720581054688,51.19745982776988
289,10,652.6863403320312,65.26863403320313
290,9,563.7922973632812,62.643588595920136
291,12,439.2372131347656,36.603101094563804
292,10,429.41632080078125,42.94163208007812
293,6,397.4768981933594,66.24614969889323
294,7,291.2923583984375,41.613194056919646
295,9,509.12518310546875,56.56946478949653
296,9,555.829833984375,61.758870442708336
297,11,539.92138671875,49.08376242897727
298,6,197.1511688232422,32.85852813720703
299,10,577.4811401367188,57.748114013671874
300,8,447.484375,55.935546875
301,8,436.9189758300781,54.614871978759766
302,9,336.1341552734375,37.348239474826386
303,11,657.980224609375,59.81638405539773
304,7,410.2384033203125,58.60548618861607
305,5,314.7006530761719,62.940130615234374
306,7,304.49005126953125,43.49857875279018
307,7,282.0870056152344,40.298143659319194
308,7,447.15191650390625,63.87884521484375
309,8,248.5431365966797,31.06789207458496
310,13,691.7182006835938,53.20909236027644
311,8,432.43743896484375,54.05467987060547
312,13,749.543212890625,57.65717022235577
313,9,420.39996337890625,46.71110704210069
314,11,711.493408203125,64.68121892755681
315,8,537.9830322265625,67.24787902832031
316,13,816.7857666015625,62.82967435396635
317,4,227.95425415039062,56.988563537597656
318,10,591.4693603515625,59.14693603515625
319,5,335.7723388671875,67.1544677734375
320,6,229.00143432617188,38.16690572102865
321,9,538.8428344726562,59.871426052517364
322,10,616.9368286132812,61.69368286132813
323,2,176.95751953125,88.478759765625
324,10,619.26025390625,61.926025390625
325,9,447.8015441894531,49.75572713216146
326,11,476.5456237792969,43.32232943448153
327,11,469.93994140625,42.72181285511363
328,11,511.992431640625,46.54476651278409
329,12,527.327392578125,43.943949381510414
330,10,519.6918334960938,51.969183349609374
331,8,382.15863037109375,47.76982879638672
332,6,401.10076904296875,66.85012817382812
333,9,537.0877075195312,59.676411946614586
334,11,726.353515625,66.0321377840909
335,9,513.892333984375,57.099148220486114
336,10,488.88153076171875,48.888153076171875
337,9,394.9383239746094,43.88203599717882
338,10,485.9403381347656,48.594033813476564
339,15,662.0055541992188,44.13370361328125
340,13,766.3082275390625,58.94678673377404
341,11,645.8308715820312,58.7118974165483
342,6,341.1994323730469,56.86657206217448
343,8,407.31072998046875,50.913841247558594
344,9,394.2999267578125,43.81110297309028
345,20,929.5752563476562,46.478762817382815
346,11,523.2855834960938,47.57141668146307
347,10,576.2329711914062,57.623297119140624
348,7,292.9636535644531,41.85195050920759
349,8,416.28094482421875,52.035118103027344
350,6,342.721923828125,57.120320638020836
351,9,585.8290405273438,65.09211561414931
352,15,872.9237060546875,58.19491373697917
353,11,685.7788696289062,62.34353360262784
354,11,495.7775573730469,45.07068703391335
355,8,407.3349609375,50.9168701171875
356,11,450.5939636230469,40.96308760209517
357,8,557.5206909179688,69.6900863647461
358,6,360.78594970703125,60.13099161783854
359,11,540.53369140625,49.13942649147727
360,10,374.0057373046875,37.40057373046875
361,12,392.1450500488281,32.67875417073568
362,10,626.2033081054688,62.620330810546875
363,13,748.786376953125,57.59895207331731
364,11,702.4375,63.85795454545455
365,9,477.1426696777344,53.01585218641493
366,9,402.5387268066406,44.726525200737846
367,12,818.1887817382812,68.18239847819011
368,16,770.4725341796875,48.15453338623047
369,8,274.8656311035156,34.35820388793945
370,8,370.5347900390625,46.31684875488281
371,20,1113.60986328125,55.6804931640625
372,8,361.83563232421875,45.229454040527344
373,5,293.89306640625,58.77861328125
374,8,410.1292419433594,51.26615524291992
375,11,648.25732421875,58.93248401988637
376,12,514.1223754882812,42.8435312906901
377,8,378.748291015625,47.343536376953125
378,7,427.2113952636719,61.030199323381694
379,10,572.701416015625,57.2701416015625
380,9,523.8310546875,58.203450520833336
381,9,489.3287353515625,54.36985948350694
382,8,442.1234130859375,55.26542663574219
383,10,507.5083923339844,50.75083923339844
384,15,892.8399658203125,59.522664388020836
385,14,785.9451293945312,56.13893781389509
386,14,838.9379272460938,59.92413766043527
387,14,695.361083984375,49.668648856026785
388,6,264.8085021972656,44.13475036621094
389,11,625.304443359375,56.84585848721591
390,4,109.72348022460938,27.430870056152344
391,4,127.48786926269531,31.871967315673828
392,12,663.185302734375,55.26544189453125
393,10,526.2001953125,52.62001953125
394,11,757.6493530273438,68.8772139115767
395,12,834.7388916015625,69.5615743001302
396,13,643.1663208007812,49.47433236929086
397,13,679.5657348632812,52.27428729717548
398,11,583.2254638671875,53.02049671519887
399,8,354.353759765625,44.294219970703125
400,7,360.3834533691406,51.483350481305806
401,5,321.6286926269531,64.32573852539062
402,17,1059.659423828125,62.332907284007355
403,8,484.0890197753906,60.51112747192383
404,7,368.3907470703125,52.627249581473215
405,7,477.0276794433594,68.14681134905133
406,9,405.79425048828125,45.08825005425347
407,13,746.3045043945312,57.40803879957933
408,12,458.2608947753906,38.18840789794922
409,14,695.6824951171875,49.69160679408482
410,14,603.941650390625,43.13868931361607
411,8,393.3276672363281,49.165958404541016
412,11,601.7412719726562,54.7037519975142
413,5,205.4559326171875,41.0911865234375
414,11,591.5162963867188,53.77420876242898
415,11,506.2247619628906,46.02043290571733
416,10,691.5921020507812,69.15921020507812
417,6,396.8569641113281,66.14282735188802
418,7,425.42303466796875,60.77471923828125
419,9,584.211181640625,64.912353515625
420,12,699.6006469726562,58.30005391438802
421,8,264.1973876953125,33.02467346191406
422,8,437.76605224609375,54.72075653076172
423,10,558.3999633789062,55.839996337890625
424,6,399.02783203125,66.504638671875
425,6,296.0126037597656,49.33543395996094
426,6,295.7598571777344,49.2933095296224
427,8,459.6751403808594,57.45939254760742
428,11,497.54296875,45.23117897727273
429,13,642.5200805664062,49.42462158203125
430,6,368.9074401855469,61.48457336425781
431,7,262.95709228515625,37.565298897879465
432,11,814.9024658203125,74.08204234730114
433,11,749.369384765625,68.12448952414773
434,10,641.1693725585938,64.11693725585937
435,12,522.5955200195312,43.54962666829427
436,5,222.2369384765625,44.4473876953125
437,8,435.2011413574219,54.400142669677734
438,10,493.6070861816406,49.36070861816406
439,10,285.50372314453125,28.550372314453124
440,6,217.65740966796875,36.27623494466146
441,9,396.4378356933594,44.04864841037326
442,8,362.9126892089844,45.36408615112305
443,10,500.4280700683594,50.042807006835936
444,10,613.4822998046875,61.34822998046875
445,10,675.2553100585938,67.52553100585938
446,19,1019.964599609375,53.68234734786184
447,12,763.1241455078125,63.59367879231771
448,11,632.2301025390625,57.4754638671875
449,10,607.8660888671875,60.78660888671875
450,10,488.90936279296875,48.890936279296874
451,8,396.1597595214844,49.51996994018555
452,13,792.2715454101562,60.94396503155048
453,7,323.55322265625,46.221888950892854
454,4,363.89031982421875,90.97257995605469
455,14,664.5813598632812,47.47009713309152
456,10,593.1600952148438,59.316009521484375
457,14,873.2490234375,62.374930245535715
458,11,598.881591796875,54.44378107244318
459,7,350.6800231933594,50.09714617047991
460,10,535.57373046875,53.557373046875
461,12,597.8075561523438,49.81729634602865
462,10,415.1549377441406,41.51549377441406
463,13,680.6700439453125,52.35923414963942
464,8,521.2203369140625,65.15254211425781
465,11,643.4765625,58.49786931818182
466,5,145.21324157714844,29.042648315429688
467,10,492.59075927734375,49.25907592773437
468,10,523.2721557617188,52.327215576171874
469,12,645.745361328125,53.812113444010414
470,6,241.32009887695312,40.22001647949219
471,12,583.0046997070312,48.58372497558594
472,12,458.8785400390625,38.23987833658854
473,8,388.5294189453125,48.56617736816406
474,6,246.64175415039062,41.1069590250651
475,7,501.6707763671875,71.66725376674107
476,7,389.7934265136719,55.68477521623884
477,7,407.01318359375,58.144740513392854
478,8,374.82501220703125,46.853126525878906
479,14,774.513427734375,55.3223876953125
480,8,400.9549865722656,50.1193733215332
481,8,485.4212341308594,60.67765426635742
482,9,489.842529296875,54.42694769965278
483,10,514.255126953125,51.4255126953125
484,14,607.3126831054688,43.37947736467634
485,8,322.8222961425781,40.352787017822266
486,7,430.2870788574219,61.46958269391741
487,7,361.9222717285156,51.70318167550223
488,11,371.8537292480469,33.80488447709517
489,14,783.488525390625,55.963466099330354
490,8,424.1572265625,53.0196533203125
491,4,154.43016052246094,38.607540130615234
492,14,695.5869750976562,49.684783935546875
493,4,152.02593994140625,38.00648498535156
494,6,276.35089111328125,46.05848185221354
495,8,296.75927734375,37.09490966796875
496,14,926.6214599609375,66.18724714006696
497,11,429.8174133300781,39.074310302734375
498,11,576.362060546875,52.39655095880682
499,13,614.823486328125,47.29411433293269
500,7,182.41444396972656,26.05920628138951
501,8,533.7267456054688,66.7158432006836
502,6,310.2593688964844,51.70989481608073
503,4,244.81285095214844,61.20321273803711
504,11,509.8320617675781,46.34836925159801
505,6,350.90380859375,58.483968098958336
506,9,491.7869567871094,54.64299519856771
507,8,375.6101989746094,46.95127487182617
508,4,157.99154663085938,39.497886657714844
509,8,371.4501953125,46.4312744140625
510,7,386.45281982421875,55.207545689174104
511,12,629.6957397460938,52.47464497884115
512,11,463.03369140625,42.09397194602273
513,12,494.83404541015625,41.23617045084635
514,10,304.42449951171875,30.442449951171874
515,7,428.75054931640625,61.25007847377232
516,8,382.9291687011719,47.866146087646484
517,6,278.72332763671875,46.453887939453125
518,10,643.9754028320312,64.39754028320313
519,8,445.90240478515625,55.73780059814453
520,14,716.6624145507812,51.190172467912944
521,15,583.7409057617188,38.91606038411458
522,12,645.4224853515625,53.78520711263021
523,11,494.0707702636719,44.91552456942472
524,8,440.04437255859375,55.00554656982422
525,9,420.6700744628906,46.741119384765625
526,5,300.3866271972656,60.077325439453126
527,12,660.7892456054688,55.0657704671224
528,8,565.6224365234375,70.70280456542969
529,8,351.6414489746094,43.95518112182617
530,11,736.8985595703125,66.99077814275569
531,11,452.9075012207031,41.1734092018821
532,14,757.0086059570312,54.07204328264509
533,10,534.2559814453125,53.42559814453125
534,12,563.6904907226562,46.97420756022135
535,11,541.6920166015625,49.24472878196023
536,12,771.86181640625,64.32181803385417
537,7,487.9033203125,69.70047433035714
538,8,412.6081237792969,51.57601547241211
539,10,593.8145141601562,59.38145141601562
540,9,452.25115966796875,50.25012885199653
541,6,265.81439208984375,44.302398681640625
542,10,446.1455993652344,44.614559936523435
543,10,473.8651123046875,47.38651123046875
544,8,446.57916259765625,55.82239532470703
545,6,394.45794677734375,65.7429911295573
546,17,949.3941650390625,55.84671559053309
547,4,195.93447875976562,48.983619689941406
548,11,477.0389709472656,43.36717917702415
549,5,209.53521728515625,41.90704345703125
550,13,743.8938598632812,57.22260460486779
551,11,629.993408203125,57.27212801846591
552,10,535.0641479492188,53.506414794921874
553,8,467.6092529296875,58.45115661621094
554,19,763.7620849609375,40.19800447162829
555,11,498.6246643066406,45.32951493696733
556,9,590.0253295898438,65.55836995442708
557,12,611.250732421875,50.93756103515625
558,21,1039.9853515625,49.523111979166664
559,5,323.3874816894531,64.67749633789063
560,7,477.3851013183594,68.19787161690849
561,5,219.3885040283203,43.87770080566406
562,13,488.6671447753906,37.58978036733774
563,8,503.70556640625,62.96319580078125
564,6,401.99212646484375,66.99868774414062
565,5,190.96836853027344,38.19367370605469
566,13,620.8328247070312,47.7563711313101
567,6,356.4736328125,59.412272135416664
568,13,669.3988037109375,51.49221567007211
569,8,203.785888671875,25.473236083984375
570,14,638.4732666015625,45.605233328683035
571,12,807.7819213867188,67.31516011555989
572,7,363.9230651855469,51.98900931222098
573,4,130.71017456054688,32.67754364013672
574,13,594.4758911132812,45.72891470102164
575,5,231.17538452148438,46.235076904296875
576,11,600.1368408203125,54.55789462002841
577,11,549.5973510742188,49.9633955522017
578,11,498.99566650390625,45.36324240944602
579,10,505.87158203125,50.587158203125
580,14,741.2828369140625,52.94877406529018
581,5,269.6966247558594,53.939324951171876
582,16,1072.414794921875,67.02592468261719
583,12,675.3941650390625,56.28284708658854
584,9,545.429931640625,60.60332573784722
585,10,590.8328857421875,59.08328857421875
586,13,793.2322387695312,61.01786452073317
587,11,496.4669189453125,45.13335626775568
588,13,636.906494140625,48.99280724158654
589,13,805.73486328125,61.97960486778846
590,13,568.3901977539062,43.72232290414664
591,12,708.5174560546875,59.043121337890625
592,7,271.4803161621094,38.78290230887277
593,15,960.250244140625,64.01668294270833
594,11,566.7787475585938,51.52534068714488
595,12,534.4591064453125,44.53825887044271
596,11,500.59332275390625,45.50848388671875
597,10,439.36474609375,43.936474609375
598,8,477.2642822265625,59.65803527832031
599,7,355.4201965332031,50.77431379045759
600,9,495.7090759277344,55.07878621419271
601,13,606.24169921875,46.63397686298077
602,6,356.77020263671875,59.461700439453125
603,12,617.022216796875,51.41851806640625
604,10,620.290283203125,62.0290283203125
605,10,434.57525634765625,43.457525634765624
606,10,663.7951049804688,66.37951049804687
607,12,579.2713012695312,48.2726084391276
608,14,630.1362915039062,45.009735107421875
609,11,582.6102905273438,52.96457186612216
610,11,625.893798828125,56.89943625710227
611,10,554.0223388671875,55.40223388671875
612,15,681.2548217773438,45.416988118489584
613,12,677.0552978515625,56.42127482096354
614,9,333.3319396972656,37.03688218858507
615,7,220.763916015625,31.537702287946427
616,5,239.69754028320312,47.939508056640626
617,15,835.1729736328125,55.6781982421875
618,5,287.4859619140625,57.4971923828125
619,15,901.4356689453125,60.09571126302083
620,15,794.5584716796875,52.97056477864583
621,7,364.19207763671875,52.027439662388396
622,9,463.6777038574219,51.519744873046875
623,14,794.5662841796875,56.754734584263396
624,7,406.9136047363281,58.13051496233259
625,10,503.8753356933594,50.387533569335936
626,14,820.1843872070312,58.58459908621652
627,9,505.1509094238281,56.12787882486979
628,8,459.333251953125,57.416656494140625
629,5,156.019775390625,31.203955078125
630,10,550.2257080078125,55.02257080078125
631,11,544.6297607421875,49.51179643110795
632,4,324.043212890625,81.01080322265625
633,14,882.94287109375,63.067347935267854
634,6,383.19720458984375,63.86620076497396
635,7,295.72979736328125,42.24711390904018
636,10,533.7655639648438,53.376556396484375
637,7,316.4565734863281,45.208081926618306
638,9,479.18524169921875,53.24280463324653
639,4,211.03062438964844,52.75765609741211
640,9,299.9725036621094,33.33027818467882
641,12,447.9137878417969,37.326148986816406
642,12,661.497314453125,55.124776204427086
643,13,721.1137084960938,55.47028526893029
644,10,524.0478515625,52.40478515625
645,12,615.0550537109375,51.25458780924479
646,11,611.794189453125,55.61765358664773
647,8,419.9455871582031,52.49319839477539
648,9,548.1630859375,60.907009548611114
649,9,557.20947265625,61.91216362847222
650,11,687.881103515625,62.53464577414773
651,3,177.24246215820312,59.08082071940104
652,12,618.0489501953125,51.50407918294271
653,8,545.229736328125,68.15371704101562
654,18,969.0205688476562,53.83447604709201
655,16,902.8580932617188,56.42863082885742
656,7,314.2698669433594,44.89569527762277
657,10,431.2870788574219,43.12870788574219
658,9,544.7659912109375,60.52955457899306
659,9,423.18463134765625,47.02051459418403
660,5,393.87518310546875,78.77503662109375
661,12,639.4357299804688,53.28631083170573
662,11,544.9011840820312,49.53647128018466
663,7,312.4568786621094,44.63669695172991
664,14,789.928466796875,56.4234619140625
665,13,759.7349853515625,58.44115271935096
666,12,622.2113037109375,51.85094197591146
667,13,766.5969848632812,58.96899883563702
668,9,529.8298950195312,58.86998833550347
669,9,520.8534545898438,57.87260606553819
670,7,249.57598876953125,35.653712681361604
671,11,555.58203125,50.50745738636363
672,9,340.99591064453125,37.88843451605903
673,10,502.56243896484375,50.25624389648438
674,7,344.4609069824219,49.20870099748884
675,20,1138.376220703125,56.91881103515625
676,12,636.7564086914062,53.06303405761719
677,9,463.2751770019531,51.47501966688368
678,9,502.3778381347656,55.81975979275174
679,9,416.7520751953125,46.3057861328125
680,14,546.8209838867188,39.058641706194194
681,13,636.1595458984375,48.93534968449519
682,13,576.006103515625,44.30816180889423
683,12,520.7134399414062,43.39278666178385
684,7,382.9981689453125,54.714024135044646
685,12,731.0081787109375,60.91734822591146
686,12,613.4080200195312,51.1173350016276
687,6,361.8953857421875,60.315897623697914
688,13,699.7816162109375,53.82935509314904
689,6,292.3410339355469,48.72350565592448
690,5,343.3887023925781,68.67774047851563
691,12,442.3821716308594,36.86518096923828
692,8,554.9111938476562,69.36389923095703
693,10,524.158203125,52.4158203125
694,6,320.8702697753906,53.47837829589844
695,12,751.0625,62.588541666666664
696,11,457.1143798828125,41.55585271661932
697,9,433.31256103515625,48.145840115017364
698,6,383.2203369140625,63.87005615234375
699,5,268.9102478027344,53.782049560546874
700,12,626.0111083984375,52.16759236653646
701,7,440.3229064941406,62.903272356305806
702,13,656.8997192382812,50.53074763371394
703,10,743.5702514648438,74.35702514648438
704,6,303.8789978027344,50.64649963378906
705,10,411.3851013183594,41.138510131835936
706,5,342.1292419433594,68.42584838867188
707,8,513.7037353515625,64.21296691894531
708,7,440.35595703125,62.907993861607146
709,12,605.7992553710938,50.48327128092448
710,7,383.43878173828125,54.776968819754465
711,7,310.3798522949219,44.339978899274556
712,11,626.4924926757812,56.95386297052557
713,7,172.2708282470703,24.610118321010045
714,8,377.34808349609375,47.16851043701172
715,8,441.02862548828125,55.128578186035156
716,12,641.94970703125,53.495808919270836
717,14,732.4703369140625,52.319309779575896
718,10,721.2247924804688,72.12247924804687
719,9,479.23748779296875,53.24860975477431
720,8,352.0630798339844,44.00788497924805
721,7,394.46435546875,56.35205078125
722,13,640.5459594726562,49.27276611328125
723,10,477.473876953125,47.7473876953125
724,17,862.9410400390625,50.761237649356616
725,8,452.62664794921875,56.578330993652344
726,13,810.3098754882812,62.33152888371394
727,9,308.7337646484375,34.303751627604164
728,6,341.07177734375,56.845296223958336
729,4,295.4186096191406,73.85465240478516
730,9,418.4462890625,46.49403211805556
731,11,484.90252685546875,44.0820478959517
732,11,586.9241943359375,53.35674493963068
733,8,421.069091796875,52.633636474609375
734,16,938.988525390625,58.68678283691406
735,12,540.2950439453125,45.02458699544271
736,9,494.5859069824219,54.95398966471354
737,12,468.1819152832031,39.015159606933594
738,12,611.0596313476562,50.92163594563802
739,11,561.5164184570312,51.04694713245738
740,10,403.26678466796875,40.32667846679688
741,10,473.3395080566406,47.33395080566406
742,6,270.0165710449219,45.00276184082031
743,9,477.1594543457031,53.01771714952257
744,12,741.7061157226562,61.80884297688802
745,12,544.2990112304688,45.3582509358724
746,11,708.6756591796875,64.42505992542614
747,8,390.25457763671875,48.781822204589844
748,15,432.5401306152344,28.836008707682293
749,11,593.6107788085938,53.9646162553267
750,8,563.1618041992188,70.39522552490234
751,13,696.99267578125,53.61482121394231
752,9,388.586669921875,43.176296657986114
753,11,490.06622314453125,44.55147483132102
754,6,340.3346862792969,56.72244771321615
755,12,603.6991577148438,50.30826314290365
756,11,598.6031494140625,54.41846812855113
757,11,513.7095947265625,46.70087224786932
758,12,591.0414428710938,49.25345357259115
759,6,218.68638610839844,36.447731018066406
760,9,337.5328674316406,37.50365193684896
761,14,696.832275390625,49.773733956473215
762,10,713.3800659179688,71.33800659179687
763,10,635.5348510742188,63.55348510742188
764,10,607.185546875,60.7185546875
765,9,437.8563537597656,48.65070597330729
766,12,832.4979248046875,69.3748270670573
767,7,278.6341552734375,39.804879324776785
768,12,407.2633056640625,33.93860880533854
769,12,814.059814453125,67.83831787109375
770,12,686.6439208984375,57.22032674153646
771,15,885.7666015625,59.051106770833336
772,10,664.1605834960938,66.41605834960937
773,19,1052.5450439453125,55.39710757606908
774,11,496.9119873046875,45.17381702769887
775,8,612.8848876953125,76.61061096191406
776,9,397.2881774902344,44.14313083224826
777,10,412.47344970703125,41.247344970703125
778,15,844.7566528320312,56.31711018880208
779,10,534.30419921875,53.430419921875
780,8,392.5675964355469,49.07094955444336
781,8,542.2496337890625,67.78120422363281
782,12,526.4107666015625,43.86756388346354
783,20,958.114990234375,47.90574951171875
784,9,494.89862060546875,54.988735622829864
785,9,530.517333984375,58.946370442708336
786,15,807.420654296875,53.828043619791664
787,5,317.6689758300781,63.53379516601562
788,7,377.9399108886719,53.99141584123884
789,6,417.76593017578125,69.62765502929688
790,7,299.0591125488281,42.722730364118306
791,10,494.1236572265625,49.41236572265625
792,8,392.7764892578125,49.09706115722656
793,12,767.6150512695312,63.9679209391276
794,13,650.8872680664062,50.06825138972356
795,9,518.614501953125,57.62383355034722
796,7,374.0655517578125,53.437935965401785
797,8,272.5660400390625,34.07075500488281
798,7,411.07940673828125,58.72562953404018
799,10,421.40283203125,42.140283203125
800,6,322.2451171875,53.70751953125
801,8,349.7639465332031,43.72049331665039
802,6,316.8380126953125,52.80633544921875
803,5,286.1670837402344,57.23341674804688
804,8,427.3536376953125,53.41920471191406
805,11,802.2521362304688,72.93201238458806
806,10,623.6649780273438,62.36649780273437
807,7,463.9750061035156,66.28214372907367
808,16,942.0347900390625,58.877174377441406
809,5,290.4516296386719,58.090325927734376
810,12,597.9342041015625,49.827850341796875
811,7,458.0343017578125,65.4334716796875
812,9,486.4324645996094,54.04805162217882
813,6,269.4642333984375,44.91070556640625
814,5,192.97216796875,38.59443359375
815,17,700.9675903320312,41.233387666590076
816,10,476.71295166015625,47.671295166015625
817,8,297.0898742675781,37.136234283447266
818,5,302.7816162109375,60.5563232421875
819,13,699.0776977539062,53.77520751953125
820,14,746.251220703125,53.303658621651785
821,5,293.72900390625,58.74580078125
822,12,706.9690551757812,58.9140879313151
823,12,673.5171508789062,56.12642923990885
824,10,625.6830444335938,62.568304443359374
825,7,299.87432861328125,42.83918980189732
826,10,484.86419677734375,48.486419677734375
827,16,805.4129028320312,50.33830642700195
828,11,571.1367797851562,51.9215254350142
829,15,931.9815673828125,62.1321044921875
830,8,465.7276611328125,58.21595764160156
831,9,537.0346069335938,59.670511881510414
832,8,292.7901306152344,36.5987663269043
833,8,475.12420654296875,59.390525817871094
834,4,202.3536376953125,50.588409423828125
835,8,381.3116760253906,47.66395950317383
836,8,581.10400390625,72.63800048828125
837,12,545.2999267578125,45.44166056315104
838,11,462.6031188964844,42.05482899058949
839,10,539.0531616210938,53.90531616210937
840,10,521.2361450195312,52.12361450195313
841,2,25.25426483154297,12.627132415771484
842,9,459.22625732421875,51.02513970269097
843,14,667.8195190429688,47.70139421735491
844,9,498.48712158203125,55.38745795355903
845,11,453.22216796875,41.20201526988637
846,9,448.52264404296875,49.835849338107636
847,11,603.4893798828125,54.8626708984375
848,16,816.5299072265625,51.033119201660156
849,7,326.1849365234375,46.597848074776785
850,7,262.8823547363281,37.55462210518973
851,12,492.6811828613281,41.05676523844401
852,11,583.6319580078125,53.05745072798295
853,16,834.7265014648438,52.170406341552734
854,5,286.7570495605469,57.351409912109375
855,6,314.7433776855469,52.45722961425781
856,5,250.22561645507812,50.04512329101563
857,9,655.4218139648438,72.82464599609375
858,11,566.6586303710938,51.5144209428267
859,10,684.4465942382812,68.44465942382813
860,11,368.5316467285156,33.5028769753196
861,4,182.04681396484375,45.51170349121094
862,8,429.82257080078125,53.727821350097656
863,6,320.8943786621094,53.4823964436849
864,12,608.172119140625,50.681009928385414
865,12,496.5530090332031,41.379417419433594
866,10,455.732421875,45.5732421875
867,8,423.4788818359375,52.93486022949219
868,6,417.6639404296875,69.61065673828125
869,9,478.4714660644531,53.16349622938368
870,15,902.5220947265625,60.1681396484375
871,6,317.431640625,52.9052734375
872,9,525.5396728515625,58.39329698350694
873,11,670.7803344726562,60.98003040660512
874,12,529.2003173828125,44.10002644856771
875,6,355.10101318359375,59.183502197265625
876,4,296.10467529296875,74.02616882324219
877,11,511.5288391113281,46.50262173739347
878,8,463.8599853515625,57.98249816894531
879,8,488.7663879394531,61.09579849243164
880,12,692.6961059570312,57.72467549641927
881,12,691.3777465820312,57.61481221516927
882,10,440.1536560058594,44.01536560058594
883,9,482.90435791015625,53.656039767795136
884,9,438.67315673828125,48.74146185980903
885,9,401.1720275878906,44.574669731987846
886,6,325.92181396484375,54.32030232747396
887,10,473.62396240234375,47.362396240234375
888,8,495.01153564453125,61.876441955566406
889,7,364.8416748046875,52.1202392578125
890,8,494.9847106933594,61.87308883666992
891,6,308.0593566894531,51.34322611490885
892,9,510.84259033203125,56.760287814670136
893,10,411.7000732421875,41.17000732421875
894,11,605.89013671875,55.08092151988637
895,10,397.8966064453125,39.78966064453125
896,9,552.3787841796875,61.37542046440972
897,3,115.13584899902344,38.37861633300781
898,16,1080.69140625,67.543212890625
899,14,834.4645385742188,59.60460989815848
900,9,513.522705078125,57.058078342013886
901,12,629.6415405273438,52.47012837727865
902,6,362.63067626953125,60.438446044921875
903,9,447.5601806640625,49.728908962673614
904,10,569.777099609375,56.9777099609375
905,11,510.1778564453125,46.37980513139205
906,10,558.5286865234375,55.85286865234375
907,11,728.5694580078125,66.23358709161931
908,5,179.2587127685547,35.851742553710935
909,10,489.81329345703125,48.981329345703124
910,12,623.4605102539062,51.95504252115885
911,14,864.8600463867188,61.77571759905134
912,9,623.6215209960938,69.29128011067708
913,11,569.9903564453125,51.81730513139205
914,14,522.66259765625,37.333042689732146
915,11,645.5302734375,58.6845703125
916,13,630.3043212890625,48.48494779146635
917,8,410.2912902832031,51.28641128540039
918,13,693.6656494140625,53.35889610877404
919,8,449.6434631347656,56.2054328918457
920,9,588.8592529296875,65.42880588107639
921,12,742.2153930664062,61.85128275553385
922,11,628.7792358398438,57.16174871271307
923,8,545.6782836914062,68.20978546142578
924,7,405.07415771484375,57.86773681640625
925,12,600.2323608398438,50.01936340332031
926,7,276.5987548828125,39.514107840401785
927,9,483.4913635253906,53.72126261393229
928,5,308.1044616699219,61.62089233398437
929,6,373.53875732421875,62.25645955403646
930,11,495.46856689453125,45.04259699041193
931,10,691.1994018554688,69.11994018554688
932,6,283.32501220703125,47.22083536783854
933,7,270.58306884765625,38.65472412109375
934,11,723.6119384765625,65.78290349786931
935,15,684.37841796875,45.62522786458333
936,0,0.0,0.0
937,8,332.1925964355469,41.52407455444336
938,10,412.0439758300781,41.20439758300781
939,12,568.3253784179688,47.3604482014974
940,11,436.98626708984375,39.72602428089488
941,6,212.22019958496094,35.370033264160156
942,10,577.29736328125,57.729736328125
943,8,452.71624755859375,56.58953094482422
944,8,405.46527099609375,50.68315887451172
945,11,363.8136291503906,33.07396628639915
946,14,771.18310546875,55.084507533482146
947,4,132.01283264160156,33.00320816040039
948,12,708.2506103515625,59.02088419596354
949,3,61.34008026123047,20.446693420410156
950,10,428.2567138671875,42.82567138671875
951,9,492.63330078125,54.737033420138886
952,8,306.4244384765625,38.30305480957031
953,7,368.9761657714844,52.71088082449777
954,10,571.3334350585938,57.13334350585937
955,8,293.9737548828125,36.74671936035156
956,12,712.6065673828125,59.383880615234375
957,12,641.8511962890625,53.48759969075521
958,12,558.6678466796875,46.55565388997396
959,11,604.2464599609375,54.93149636008523
960,14,920.325439453125,65.73753138950893
961,9,382.63482666015625,42.514980740017364
962,8,480.597900390625,60.074737548828125
963,4,170.2752685546875,42.568817138671875
964,8,413.8043518066406,51.72554397583008
965,9,453.263916015625,50.36265733506944
966,9,367.9422912597656,40.882476806640625
967,7,261.4118347167969,37.34454781668527
968,7,251.02825927734375,35.861179896763396
969,14,823.4337768554688,58.816698346819194
970,8,328.3768310546875,41.04710388183594
971,8,476.1617431640625,59.52021789550781
972,8,376.686767578125,47.085845947265625
973,8,482.38262939453125,60.297828674316406
974,13,599.18896484375,46.09145883413461
975,6,378.574951171875,63.0958251953125
976,9,375.3792419433594,41.70880466037326
977,9,385.5262145996094,42.83624606662326
978,16,846.1220703125,52.88262939453125
979,4,186.87628173828125,46.71907043457031
980,6,255.58938598632812,42.59823099772135
981,15,661.28271484375,44.085514322916666
982,7,412.92803955078125,58.989719935825896
983,15,725.7300415039062,48.38200276692708
984,7,225.25250244140625,32.178928920200896
985,5,283.29364013671875,56.65872802734375
986,11,611.5563354492188,55.59603049538352
987,13,703.8782958984375,54.14448429987981
988,9,578.08349609375,64.23149956597223
989,15,747.7806396484375,49.85204264322917
990,9,318.22686767578125,35.358540852864586
991,10,652.26953125,65.226953125
992,12,755.4638061523438,62.95531717936198
993,11,476.2554931640625,43.29595392400568
994,12,765.2979125976562,63.77482604980469
995,10,597.413818359375,59.7413818359375
996,8,331.0694274902344,41.3836784362793
997,7,239.718017578125,34.245431082589285
998,9,394.5750732421875,43.8416748046875
999,10,517.5772094726562,51.757720947265625
